"Guid","AccountSource","AnnualRevenue","BillingCity","BillingCountry","BillingEmail__c","BillingGeocodeAccuracy","BillingLatitude","BillingLongitude","BillingPostalCode","BillingState","BillingStreet","CorporateLocations__c","Description","Fax","FranchiseLocations__c","Industry","IsCustomerPortal","Jigsaw","Name","NumberOfEmployees","ParentId","Phone","SBQQ__AssetQuantitiesCombined__c","SBQQ__CoTermedContractsCombined__c","SBQQ__CoTerminationEvent__c","SBQQ__ContractCoTermination__c","SBQQ__DefaultOpportunity__c","SBQQ__IgnoreParentContractedPrices__c","SBQQ__PreserveBundle__c","SBQQ__PriceHoldEnd__c","SBQQ__RenewalModel__c","SBQQ__RenewalPricingMethod__c","SBQQ__TaxExempt__c","ShippingCity","ShippingCountry","ShippingGeocodeAccuracy","ShippingLatitude","ShippingLongitude","ShippingPostalCode","ShippingState","ShippingStreet","SicDesc","TaxID__c","Type","Website","blng__BillToContact__c","blng__CustomerProfileId__c","blng__DefaultPaymentType__c","ccrz__CustomField1__c","ccrz__CustomField2__c","ccrz__DataId__c","ccrz__PreventAddrBookSave__c","ccrz__PreventNewAddrCheckout__c","ccrz__PreventNewBillAddrCO__c","ccrz__SourceSystem__c","ccrz__TaxExemptAccount__c","ccrz__UsedByCloudcraze__c"
0721771c-3fb1-4a88-a190-5d7a85b561c0,"#N/A","#N/A","#N/A","#N/A",accounting@saintmarys.edu,"#N/A","#N/A","#N/A","#N/A",IN,"#N/A",1.0,"#N/A","#N/A",0.0,Education,false,"#N/A",Saint Mary's College,350,"#N/A","#N/A",false,false,"#N/A",Never,"#N/A",false,true,"#N/A",Contract Based,Same,No,"#N/A","#N/A","#N/A","#N/A","#N/A","#N/A","#N/A","#N/A","#N/A",12-3456789,Customer,"#N/A","#N/A","#N/A","#N/A","#N/A","#N/A","#N/A",false,false,false,"#N/A",false,false
0bd2c4f9-78e4-4b44-9040-bbd134896d73,"#N/A","#N/A","#N/A","#N/A",ap@universal.com,"#N/A","#N/A","#N/A","#N/A","#N/A","#N/A",4.0,"#N/A","#N/A",0.0,Entertainment,false,"#N/A",Universal Studios,"#N/A","#N/A","#N/A",false,false,"#N/A",Never,"#N/A",false,true,"#N/A",Contract Based,Same,No,"#N/A","#N/A","#N/A","#N/A","#N/A","#N/A","#N/A","#N/A","#N/A",12-3456789,Prospect,"#N/A","#N/A","#N/A","#N/A","#N/A","#N/A","#N/A",false,false,false,"#N/A",false,false
12a6ef38-0abf-4cdc-a4bc-156435cd62a6,"#N/A","#N/A","#N/A","#N/A",billing@amc.com,"#N/A","#N/A","#N/A","#N/A","#N/A","#N/A",978.0,"#N/A","#N/A",0.0,Entertainment,false,"#N/A",AMC Entertainment,4408,"#N/A","#N/A",false,false,"#N/A",Never,"#N/A",false,true,"#N/A",Contract Based,Same,No,"#N/A","#N/A","#N/A","#N/A","#N/A","#N/A","#N/A","#N/A","#N/A",12-3456789,Customer,"#N/A","#N/A","#N/A","#N/A","#N/A","#N/A","#N/A",false,false,false,"#N/A",false,false
281392ae-e587-4eb3-947f-e7e4e8f42826,"#N/A","#N/A","#N/A","#N/A",ap@notredam.edu,"#N/A","#N/A","#N/A","#N/A",IN,"#N/A",1.0,"#N/A","#N/A",0.0,Education,false,"#N/A",Notre Dame University,1309,"#N/A","#N/A",false,false,"#N/A",Never,"#N/A",false,true,"#N/A",Contract Based,Same,No,"#N/A","#N/A","#N/A","#N/A","#N/A","#N/A","#N/A","#N/A","#N/A",12-3456789,Prospect,"#N/A","#N/A","#N/A","#N/A","#N/A","#N/A","#N/A",false,false,false,"#N/A",false,false
2ac38ea5-e65d-4843-9e77-776700096941,"#N/A","#N/A","#N/A","#N/A",ap@hyatt.com.invalid.invalid,"#N/A","#N/A","#N/A","#N/A","#N/A","#N/A",518.0,"#N/A","#N/A",378.0,Hospitality,false,"#N/A",Hyatt Hotels Corporation,100000,"#N/A","#N/A",false,false,"#N/A",Never,"#N/A",false,true,"#N/A",Contract Based,Same,No,"#N/A","#N/A","#N/A","#N/A","#N/A","#N/A","#N/A","#N/A","#N/A",82-1533604,Prospect,"#N/A","#N/A","#N/A","#N/A","#N/A","#N/A","#N/A",false,false,false,"#N/A",false,false
4039fa24-312a-434c-af4c-56e61d284639,"#N/A","#N/A","#N/A","#N/A",accounting@regal.com,"#N/A","#N/A","#N/A","#N/A","#N/A","#N/A",549.0,"#N/A","#N/A",0.0,Entertainment,false,"#N/A",Regal Cinemas,"#N/A","#N/A","#N/A",false,false,"#N/A",Never,"#N/A",false,true,"#N/A",Contract Based,Same,No,"#N/A","#N/A","#N/A","#N/A","#N/A","#N/A","#N/A","#N/A","#N/A",12-3456789,Customer,"#N/A","#N/A","#N/A","#N/A","#N/A","#N/A","#N/A",false,false,false,"#N/A",false,false
446b345b-7657-404a-b4b5-a5d672109151,"#N/A","#N/A","#N/A","#N/A","#N/A","#N/A","#N/A","#N/A","#N/A","#N/A","#N/A","#N/A","#N/A","#N/A","#N/A","#N/A",false,"#N/A",Sample Account for Entitlements,"#N/A","#N/A","#N/A",false,false,"#N/A",Never,"#N/A",false,true,"#N/A",Contract Based,Same,No,"#N/A","#N/A","#N/A","#N/A","#N/A","#N/A","#N/A","#N/A","#N/A","#N/A","#N/A","#N/A","#N/A","#N/A","#N/A","#N/A","#N/A","#N/A",false,false,false,"#N/A",false,false
47e237a5-5ecb-4bea-b40a-c0fbc32b47a7,"#N/A","#N/A","#N/A","#N/A",ap@landmark.com,"#N/A","#N/A","#N/A","#N/A","#N/A","#N/A",46.0,"#N/A","#N/A",0.0,Entertainment,false,"#N/A",Landmark Cinemas,850,"#N/A","#N/A",false,false,"#N/A",Never,"#N/A",false,true,"#N/A",Contract Based,Same,No,"#N/A","#N/A","#N/A","#N/A","#N/A","#N/A","#N/A","#N/A","#N/A",12-3456789,Prospect,"#N/A","#N/A","#N/A","#N/A","#N/A","#N/A","#N/A",false,false,false,"#N/A",false,false
5bc34413-50e4-4f11-ad41-bb24ef5fd2f3,"#N/A","#N/A","#N/A","#N/A","#N/A","#N/A","#N/A","#N/A","#N/A","#N/A","#N/A","#N/A","#N/A","#N/A","#N/A","#N/A",false,"#N/A",Sample Account for Entitlements,"#N/A","#N/A","#N/A",false,false,"#N/A",Never,"#N/A",false,false,"#N/A","#N/A",Same,No,"#N/A","#N/A","#N/A","#N/A","#N/A","#N/A","#N/A","#N/A","#N/A","#N/A","#N/A","#N/A","#N/A","#N/A","#N/A","#N/A","#N/A","#N/A",false,false,false,"#N/A",false,false
5c6cc9f9-775e-4891-a9d8-8ece3ac57ce7,"#N/A","#N/A","#N/A","#N/A",billing@cedarpoint.com,"#N/A","#N/A","#N/A","#N/A",OH,"#N/A",1.0,"#N/A","#N/A",0.0,Entertainment,false,"#N/A",Cedar Point,2600,"#N/A","#N/A",false,false,"#N/A",Never,"#N/A",false,true,"#N/A",Contract Based,Same,No,"#N/A","#N/A","#N/A","#N/A","#N/A","#N/A","#N/A","#N/A","#N/A",12-3456789,Customer,"#N/A","#N/A","#N/A","#N/A","#N/A","#N/A","#N/A",false,false,false,"#N/A",false,false
6bdd1406-7bb2-4b04-9c55-8fccbf9ad371,"#N/A","#N/A","#N/A","#N/A",ap@shakeshak.com,"#N/A","#N/A","#N/A","#N/A","#N/A","#N/A",168.0,"#N/A","#N/A",0.0,Restaurant,false,"#N/A",Shake Shack,"#N/A","#N/A","#N/A",false,false,"#N/A",Never,"#N/A",false,true,"#N/A",Contract Based,Same,No,"#N/A","#N/A","#N/A","#N/A","#N/A","#N/A","#N/A","#N/A","#N/A",12-3456789,Customer,"#N/A","#N/A","#N/A","#N/A","#N/A","#N/A","#N/A",false,false,false,"#N/A",false,false
8bff0752-886d-410c-bf60-a23e82a23bf6,"#N/A","#N/A","#N/A","#N/A",billing@popeyes.co,"#N/A","#N/A","#N/A","#N/A","#N/A","#N/A",30.0,"#N/A","#N/A",3072.0,Restaurant,false,"#N/A",Popeyes,"#N/A","#N/A","#N/A",false,false,"#N/A",Never,"#N/A",false,true,"#N/A",Contract Based,Same,No,"#N/A","#N/A","#N/A","#N/A","#N/A","#N/A","#N/A","#N/A","#N/A",12-3456789,Customer,"#N/A","#N/A","#N/A","#N/A","#N/A","#N/A","#N/A",false,false,false,"#N/A",false,false
8c4055e8-19aa-403a-b8e0-40d7c4082e4a,"#N/A","#N/A","#N/A","#N/A",ap@sixflags.com,"#N/A","#N/A","#N/A","#N/A",TX,"#N/A",26.0,"#N/A","#N/A",0.0,Entertainment,false,"#N/A",Six Flags Entertainment,"#N/A","#N/A","#N/A",false,false,"#N/A",Never,"#N/A",false,true,"#N/A",Contract Based,Same,No,"#N/A","#N/A","#N/A","#N/A","#N/A","#N/A","#N/A","#N/A","#N/A",12-3456789,Prospect,"#N/A","#N/A","#N/A","#N/A","#N/A","#N/A","#N/A",false,false,false,"#N/A",false,false
8c99905c-c89d-440d-bfc1-b034b2f2a92c,"#N/A","#N/A","#N/A","#N/A",ap@kfc.com.invalid.invalid,"#N/A","#N/A","#N/A","#N/A","#N/A","#N/A",1500.0,"#N/A","#N/A",21621.0,Restaurant,false,"#N/A",KFC,500,"#N/A","#N/A",false,false,"#N/A",Never,"#N/A",false,true,"#N/A",Contract Based,Same,No,"#N/A","#N/A","#N/A","#N/A","#N/A","#N/A","#N/A","#N/A","#N/A",78-5876113,Customer,"#N/A","#N/A","#N/A","#N/A","#N/A","#N/A","#N/A",false,false,false,"#N/A",false,false
929ef810-dce1-46ca-bf46-0d631d05a46b,"#N/A","#N/A","#N/A","#N/A",ap@mcdonalds.com.invalid.invalid,"#N/A","#N/A","#N/A","#N/A","#N/A","#N/A",2636.0,"#N/A","#N/A",36059.0,Restaurant,false,"#N/A",McDonalds,205000,"#N/A","#N/A",false,false,"#N/A",Never,"#N/A",false,true,"#N/A",Contract Based,Same,No,"#N/A","#N/A","#N/A","#N/A","#N/A","#N/A","#N/A","#N/A","#N/A",62-0234622,Prospect,"#N/A","#N/A","#N/A","#N/A","#N/A","#N/A","#N/A",false,false,false,"#N/A",false,false
95ab7a09-3221-41ed-94c7-2eb85d83d8bb,"#N/A","#N/A","#N/A","#N/A",billing@marriott.com.invalid.invalid,"#N/A","#N/A","#N/A","#N/A",MD,"#N/A",2170.0,"#N/A","#N/A",5314.0,Hospitality,false,"#N/A",Marriott Hotels,170234,"#N/A","#N/A",false,false,"#N/A",Never,"#N/A",false,true,"#N/A",Contract Based,Same,No,"#N/A","#N/A","#N/A","#N/A","#N/A","#N/A","#N/A","#N/A","#N/A",82-8611386,Customer,"#N/A","#N/A","#N/A","#N/A","#N/A","#N/A","#N/A",false,false,false,"#N/A",false,false
ba0c01a4-5e3a-4b02-8e3d-695a66bbb495,"#N/A","#N/A","#N/A","#N/A",ap@pizzahut.com,"#N/A","#N/A","#N/A","#N/A","#N/A","#N/A",703.0,"#N/A","#N/A",18000.0,Restaurant,false,"#N/A",Pizza Hut,"#N/A","#N/A","#N/A",false,false,"#N/A",Never,"#N/A",false,true,"#N/A",Contract Based,Same,No,"#N/A","#N/A","#N/A","#N/A","#N/A","#N/A","#N/A","#N/A","#N/A",12-3456789,Prospect,"#N/A","#N/A","#N/A","#N/A","#N/A","#N/A","#N/A",false,false,false,"#N/A",false,false
c09bc536-2d2f-4799-8e17-d75ba74c843b,"#N/A",1.0E8,New York,USA,billing@acme.com,"#N/A","#N/A","#N/A",31349,NY,10 Main Rd.,5.0,"#N/A",(212) 555-5555,0.0,Corporate Office,false,"#N/A",Acme,680,"#N/A",(212) 555-5555,false,false,"#N/A","#N/A","#N/A",false,false,"#N/A","#N/A","#N/A","#N/A",New York,USA,"#N/A","#N/A","#N/A",31349,NY,10 Main Rd.,"#N/A",12-3456789,Prospect,"#N/A","#N/A","#N/A","#N/A","#N/A","#N/A","#N/A",false,false,false,"#N/A",false,false
ca849812-1b0e-4667-8c2a-d00b11a584d9,"#N/A","#N/A",Toronto,Canada,accounting@globalmedia.com,"#N/A","#N/A","#N/A",L4B 1Y3,Ontario,150 Chestnut Street,2.0,"GBM is the worldwide leader in technology news and information on the Web and the producer of the longest-running and farthest-reaching television shows about technology. GBM's network of sites combines breakthrough interactive technology with engaging content and design and is consistently ranked as the Internet's leading content network in terms of both audience size and revenue, serving millions of users each day. The company's television programming is broadcast by the USA Network and the Sci-Fi Channel to more than 70 million households and is syndicated to broadcast television stations in the nation's top 120 markets, including the top 10 markets.","#N/A",0.0,Corporate Office,false,"#N/A",Global Media,14668,"#N/A",(905) 555-1212,false,false,"#N/A","#N/A","#N/A",false,false,"#N/A","#N/A","#N/A","#N/A",Toronto,Canada,"#N/A","#N/A","#N/A",L4B 1Y3,Ontario,150 Chestnut Street,"#N/A",12-3456789,Prospect,"#N/A","#N/A","#N/A","#N/A","#N/A","#N/A","#N/A",false,false,false,"#N/A",false,false
da85d80c-d189-420f-b411-283b929060cd,"#N/A","#N/A","#N/A","#N/A",accounting@ihg.com.invalid.invalid,"#N/A","#N/A","#N/A","#N/A","#N/A","#N/A",2950.0,"#N/A","#N/A",3000.0,Hospitality,false,"#N/A",IHG Hotels & Resorts,9636,"#N/A","#N/A",false,false,"#N/A",Never,"#N/A",false,true,"#N/A",Contract Based,Same,No,"#N/A","#N/A","#N/A","#N/A","#N/A","#N/A","#N/A","#N/A","#N/A",73-6482303,Prospect,"#N/A","#N/A","#N/A","#N/A","#N/A","#N/A","#N/A",false,false,false,"#N/A",false,false
f711a030-34e4-42d6-970c-f50bc62eaba0,"#N/A","#N/A",San Francisco,USA,ap@salesforce.com,"#N/A","#N/A","#N/A",94105,CA,"The Landmark @ One Market, Suite 300",33.0,"Founded in March 1999, salesforce.com (http://www.salesforce.com) builds and delivers customer relationship management (CRM) applications as scalable online services. The salesforce.com product suite - Team Edition, Professional Edition, Enterprise Edition, Wireless Edition and Offline Edition - gives companies of all sizes a complete 360-degree view of the customer. The company's award-winning CRM solutions provide integrated online sales force automation, customer service and support management, and marketing automation applications to help companies meet the complex challenges of global customer communication. Salesforce.com has received considerable recognition in the industry, including Editors' Choice and two Five-Star ratings from PC Magazine, two Deploy Awards from InfoWorld, Red Herring 100, Upside Hot 100, Investor's Choice Award from Enterprise Outlook, Editors' Choice from TMCLabs, Top 10 CRM Implementation from Aberdeen Group, and InfoWorld's 2001 CRM Technology of the Year. Founded in 1999, salesforce.com is headquartered in San Francisco, with offices in Europe and Asia.",(415) 901-7040,0.0,Corporate Office,false,"#N/A",salesforce.com,"#N/A","#N/A",(415) 901-7000,false,false,"#N/A","#N/A","#N/A",false,false,"#N/A","#N/A","#N/A","#N/A",San Francisco,USA,"#N/A","#N/A","#N/A",94105,CA,"The Landmark @ One Market, Suite 300","#N/A",12-3456789,Prospect,http://www.salesforce.com,"#N/A","#N/A","#N/A","#N/A","#N/A","#N/A",false,false,false,"#N/A",false,false
